<?xml version="1.0" encoding="UTF-8"?>
<con:soapui-project id="a0c65fd1-f839-46df-a13e-cb8911c0371a" activeEnvironment="Default" name="Kodilla soap-library" soapui-version="5.5.0" abortOnError="false" runType="SEQUENTIAL" resourceRoot="${projectDir}" xmlns:con="http://eviware.com/soapui/config"><con:settings/><con:interface xsi:type="con:WsdlInterface" id="8f104600-19cc-4226-b0c6-4783507f9c94" wsaVersion="NONE" name="BooksPortSoap11" type="wsdl" bindingName="{http://kodilla.com/books/soap}BooksPortSoap11" soapVersion="1_1" anonymous="optional" definition="http://localhost:8080/ws/books.wsdl" xmlns:xsi="http://www.w3.org/2001/XMLSchema-instance"><con:settings/><con:definitionCache type="TEXT" rootPart="http://localhost:8080/ws/books.wsdl"><con:part><con:url>http://localhost:8080/ws/books.wsdl</con:url><con:content><![CDATA[<wsdl:definitions targetNamespace="http://kodilla.com/books/soap" xmlns:wsdl="http://schemas.xmlsoap.org/wsdl/" xmlns:sch="http://kodilla.com/books/soap-library" xmlns:soap="http://schemas.xmlsoap.org/wsdl/soap/" xmlns:tns="http://kodilla.com/books/soap">
  <wsdl:types>
    <xs:schema elementFormDefault="qualified" targetNamespace="http://kodilla.com/books/soap-library" xmlns:tns="http://kodilla.com/books/soap-library" xmlns:xs="http://www.w3.org/2001/XMLSchema">
      <xs:element name="getBookRequest">
        <xs:complexType>
          <xs:sequence>
            <xs:element name="signature" type="xs:string"/>
          </xs:sequence>
        </xs:complexType>
      </xs:element>
      <xs:element name="getBookResponse">
        <xs:complexType>
          <xs:sequence>
            <xs:element name="book" type="tns:book"/>
          </xs:sequence>
        </xs:complexType>
      </xs:element>
      <xs:complexType name="book">
        <xs:sequence>
          <xs:element name="signature" type="xs:string"/>
          <xs:element name="title" type="xs:string"/>
          <xs:element name="author" type="xs:string"/>
          <xs:element name="year" type="xs:gYear"/>
          <xs:element name="genre" type="tns:literaryGenre"/>
        </xs:sequence>
      </xs:complexType>
      <xs:simpleType name="literaryGenre">
        <xs:restriction base="xs:string">
          <xs:enumeration value="SCI-FI"/>
          <xs:enumeration value="FANTASY"/>
          <xs:enumeration value="TECH"/>
          <xs:enumeration value="CRIME"/>
        </xs:restriction>
      </xs:simpleType>
    </xs:schema>
  </wsdl:types>
  <wsdl:message name="getBookRequest">
    <wsdl:part element="sch:getBookRequest" name="getBookRequest"></wsdl:part>
  </wsdl:message>
  <wsdl:message name="getBookResponse">
    <wsdl:part element="sch:getBookResponse" name="getBookResponse"></wsdl:part>
  </wsdl:message>
  <wsdl:portType name="BooksPort">
    <wsdl:operation name="getBook">
      <wsdl:input message="tns:getBookRequest" name="getBookRequest"></wsdl:input>
      <wsdl:output message="tns:getBookResponse" name="getBookResponse"></wsdl:output>
    </wsdl:operation>
  </wsdl:portType>
  <wsdl:binding name="BooksPortSoap11" type="tns:BooksPort">
    <soap:binding style="document" transport="http://schemas.xmlsoap.org/soap/http"/>
    <wsdl:operation name="getBook">
      <soap:operation soapAction=""/>
      <wsdl:input name="getBookRequest">
        <soap:body use="literal"/>
      </wsdl:input>
      <wsdl:output name="getBookResponse">
        <soap:body use="literal"/>
      </wsdl:output>
    </wsdl:operation>
  </wsdl:binding>
  <wsdl:service name="BooksPortService">
    <wsdl:port binding="tns:BooksPortSoap11" name="BooksPortSoap11">
      <soap:address location="http://localhost:8080/ws"/>
    </wsdl:port>
  </wsdl:service>
</wsdl:definitions>]]></con:content><con:type>http://schemas.xmlsoap.org/wsdl/</con:type></con:part></con:definitionCache><con:endpoints><con:endpoint>http://localhost:8080/ws</con:endpoint></con:endpoints><con:operation id="01b174b8-6c0d-481f-8d63-7bf39aabe093" isOneWay="false" action="" name="getBook" bindingOperationName="getBook" type="Request-Response" outputName="getBookResponse" inputName="getBookRequest" receivesAttachments="false" sendsAttachments="false" anonymous="optional"><con:settings/><con:call id="dc860fa1-e5b2-4f26-90f0-81a2c6a30d72" name="Request 1"><con:settings/><con:encoding>UTF-8</con:encoding><con:endpoint>http://localhost:8080/ws</con:endpoint><con:request><![CDATA[<soapenv:Envelope xmlns:soapenv="http://schemas.xmlsoap.org/soap/envelope/" xmlns:soap="http://kodilla.com/books/soap-library">\r
   <soapenv:Header/>\r
   <soapenv:Body>\r
      <soap:getBookRequest>\r
         <soap:signature>?</soap:signature>\r
      </soap:getBookRequest>\r
   </soapenv:Body>\r
</soapenv:Envelope>]]></con:request><con:wsaConfig mustUnderstand="NONE" version="200508" action="http://kodilla.com/books/soap/BooksPort/getBookRequest"/></con:call></con:operation></con:interface><con:testSuite id="71281923-fc9a-4f2f-ac90-fbb8466364ce" name="Books TestSuite"><con:settings/><con:runType>SEQUENTIAL</con:runType><con:testCase id="04902130-d9d4-4b80-8cdd-071aa00022a7" failOnError="true" failTestCaseOnErrors="true" keepSession="false" maxResults="0" name="Not existing book TestCase" searchProperties="true"><con:settings/><con:testStep type="request" id="f98260df-19ce-4516-8514-d056c5b6d7ed" name="getBook"><con:settings/><con:config xsi:type="con:RequestStep" xmlns:xsi="http://www.w3.org/2001/XMLSchema-instance"><con:interface>BooksPortSoap11</con:interface><con:operation>getBook</con:operation><con:request name="getBook" id="0b8c229d-04d5-476a-9d7a-03043f6418bb"><con:settings><con:setting id="com.eviware.soapui.impl.wsdl.WsdlRequest@request-headers">&lt;xml-fragment/></con:setting></con:settings><con:encoding>UTF-8</con:encoding><con:endpoint>http://localhost:8080/ws</con:endpoint><con:request><![CDATA[<soapenv:Envelope xmlns:soapenv="http://schemas.xmlsoap.org/soap/envelope/" xmlns:soap="http://kodilla.com/books/soap">\r
   <soapenv:Header/>\r
   <soapenv:Body>\r
      <soap:getBookRequest>\r
         <soap:signature>985</soap:signature>\r
      </soap:getBookRequest>\r
   </soapenv:Body>\r
</soapenv:Envelope>]]></con:request><con:assertion type="Simple NotContains" id="0300b728-dfb2-4ea9-b1c8-3a1a72a4e4b2" name="Not Contains"><con:configuration><token>title</token><ignoreCase>false</ignoreCase><useRegEx>false</useRegEx></con:configuration></con:assertion><con:credentials><con:authType>No Authorization</con:authType></con:credentials><con:jmsConfig JMSDeliveryMode="PERSISTENT"/><con:jmsPropertyConfig/><con:wsaConfig action="http://kodilla.com/books/soap/BooksPort/getBookRequest" mustUnderstand="NONE" version="200508"/><con:wsrmConfig version="1.2"/></con:request></con:config></con:testStep><con:properties/></con:testCase><con:testCase id="ea0ef7c4-eacb-40fb-bbac-82e96176d351" failOnError="true" failTestCaseOnErrors="true" keepSession="false" maxResults="0" name="Book by Jo Nesbo TestCase" searchProperties="true"><con:settings/><con:testStep type="request" id="9030add5-c621-4d38-9862-f83d1831ec33" name="getBook"><con:settings/><con:config xsi:type="con:RequestStep" xmlns:xsi="http://www.w3.org/2001/XMLSchema-instance"><con:interface>BooksPortSoap11</con:interface><con:operation>getBook</con:operation><con:request name="getBook" id="0b8c229d-04d5-476a-9d7a-03043f6418bb"><con:settings><con:setting id="com.eviware.soapui.impl.wsdl.WsdlRequest@request-headers">&lt;xml-fragment/></con:setting></con:settings><con:encoding>UTF-8</con:encoding><con:endpoint>http://localhost:8080/ws</con:endpoint><con:request><![CDATA[<soapenv:Envelope xmlns:soapenv="http://schemas.xmlsoap.org/soap/envelope/" xmlns:soap="http://kodilla.com/books/soap">\r
   <soapenv:Header/>\r
   <soapenv:Body>\r
      <soap:getBookRequest>\r
         <soap:signature>786</soap:signature>\r
      </soap:getBookRequest>\r
   </soapenv:Body>\r
</soapenv:Envelope>]]></con:request><con:assertion type="Simple Contains" id="02f0c41a-b510-4db5-bfa4-9e7a0e503b3b" name="author"><con:configuration><token>author>Stephen King&lt;</token><ignoreCase>false</ignoreCase><useRegEx>false</useRegEx></con:configuration></con:assertion><con:credentials><con:authType>No Authorization</con:authType></con:credentials><con:jmsConfig JMSDeliveryMode="PERSISTENT"/><con:jmsPropertyConfig/><con:wsaConfig action="http://kodilla.com/books/soap/BooksPort/getBookRequest" mustUnderstand="NONE" version="200508"/><con:wsrmConfig version="1.2"/></con:request></con:config></con:testStep><con:properties/></con:testCase><con:testCase id="96e84b8f-d11a-4493-92f0-bbfb3295b120" failOnError="true" failTestCaseOnErrors="true" keepSession="false" maxResults="0" name="Book by title &quot;Knife&quot; TestCase" searchProperties="true"><con:settings/><con:testStep type="request" id="1aa4d905-c7c8-4485-afef-404428a5a69e" name="getBook"><con:settings/><con:config xsi:type="con:RequestStep" xmlns:xsi="http://www.w3.org/2001/XMLSchema-instance"><con:interface>BooksPortSoap11</con:interface><con:operation>getBook</con:operation><con:request name="getBook" id="0b8c229d-04d5-476a-9d7a-03043f6418bb"><con:settings><con:setting id="com.eviware.soapui.impl.wsdl.WsdlRequest@request-headers">&lt;xml-fragment/></con:setting></con:settings><con:encoding>UTF-8</con:encoding><con:endpoint>http://localhost:8080/ws</con:endpoint><con:request><![CDATA[<soapenv:Envelope xmlns:soapenv="http://schemas.xmlsoap.org/soap/envelope/" xmlns:soap="http://kodilla.com/books/soap">\r
   <soapenv:Header/>\r
   <soapenv:Body>\r
      <soap:getBookRequest>\r
         <soap:signature>654</soap:signature>\r
      </soap:getBookRequest>\r
   </soapenv:Body>\r
</soapenv:Envelope>]]></con:request><con:assertion type="Simple Contains" id="3c7569c8-7289-44f0-878e-0f66dbb82168" name="title"><con:configuration><token>title>Knife&lt;</token><ignoreCase>false</ignoreCase><useRegEx>false</useRegEx></con:configuration></con:assertion><con:credentials><con:authType>No Authorization</con:authType></con:credentials><con:jmsConfig JMSDeliveryMode="PERSISTENT"/><con:jmsPropertyConfig/><con:wsaConfig action="http://kodilla.com/books/soap/BooksPort/getBookRequest" mustUnderstand="NONE" version="200508"/><con:wsrmConfig version="1.2"/></con:request></con:config></con:testStep><con:properties/></con:testCase><con:testCase id="c7debeb3-3445-42a8-bdae-abaf67cccabe" failOnError="true" failTestCaseOnErrors="true" keepSession="false" maxResults="0" name="Book by literary genre TestCase" searchProperties="true"><con:settings/><con:testStep type="request" id="01f60f1d-3fb7-41d3-b3a1-2a397b63ab76" name="getBook"><con:settings/><con:config xsi:type="con:RequestStep" xmlns:xsi="http://www.w3.org/2001/XMLSchema-instance"><con:interface>BooksPortSoap11</con:interface><con:operation>getBook</con:operation><con:request name="getBook" id="0b8c229d-04d5-476a-9d7a-03043f6418bb"><con:settings><con:setting id="com.eviware.soapui.impl.wsdl.WsdlRequest@request-headers">&lt;xml-fragment/></con:setting></con:settings><con:encoding>UTF-8</con:encoding><con:endpoint>http://localhost:8080/ws</con:endpoint><con:request><![CDATA[<soapenv:Envelope xmlns:soapenv="http://schemas.xmlsoap.org/soap/envelope/" xmlns:soap="http://kodilla.com/books/soap">
   <soapenv:Header/>
   <soapenv:Body>
      <soap:getBookRequest>
         <soap:signature>452</soap:signature>
      </soap:getBookRequest>
   </soapenv:Body>
</soapenv:Envelope>]]></con:request><con:assertion type="Simple Contains" id="7b817b98-9956-464e-a670-8fbd28ee032b" name="genre"><con:configuration><token>genre>FANTASY&lt;</token><ignoreCase>false</ignoreCase><useRegEx>false</useRegEx></con:configuration></con:assertion><con:credentials><con:authType>No Authorization</con:authType></con:credentials><con:jmsConfig JMSDeliveryMode="PERSISTENT"/><con:jmsPropertyConfig/><con:wsaConfig action="http://kodilla.com/books/soap/BooksPort/getBookRequest" mustUnderstand="NONE" version="200508"/><con:wsrmConfig version="1.2"/></con:request></con:config></con:testStep><con:properties/></con:testCase><con:testCase id="cc06b165-87b1-4621-a16a-677c0e0a430b" failOnError="true" failTestCaseOnErrors="true" keepSession="false" maxResults="0" name="Existing book TestCase" searchProperties="true"><con:settings/><con:testStep type="request" id="6994e643-dbd7-4198-a342-4bca138f59b9" name="getBook"><con:settings/><con:config xsi:type="con:RequestStep" xmlns:xsi="http://www.w3.org/2001/XMLSchema-instance"><con:interface>BooksPortSoap11</con:interface><con:operation>getBook</con:operation><con:request name="getBook" id="0b8c229d-04d5-476a-9d7a-03043f6418bb"><con:settings><con:setting id="com.eviware.soapui.impl.wsdl.WsdlRequest@request-headers">&lt;xml-fragment/></con:setting></con:settings><con:encoding>UTF-8</con:encoding><con:endpoint>http://localhost:8080/ws</con:endpoint><con:request><![CDATA[<soapenv:Envelope xmlns:soapenv="http://schemas.xmlsoap.org/soap/envelope/" xmlns:soap="http://kodilla.com/books/soap">
   <soapenv:Header/>
   <soapenv:Body>
      <soap:getBookRequest>
         <soap:signature>342</soap:signature>
      </soap:getBookRequest>
   </soapenv:Body>
</soapenv:Envelope>]]></con:request><con:assertion type="Simple Contains" id="d24a3feb-df1d-4a32-a669-55ffd97c9a03" name="author"><con:configuration><token>author</token><ignoreCase>true</ignoreCase><useRegEx>false</useRegEx></con:configuration></con:assertion><con:assertion type="Simple Contains" id="fc41c3b4-ea10-4321-b3df-6db1d0132677" name="title"><con:configuration><token>title</token><ignoreCase>false</ignoreCase><useRegEx>false</useRegEx></con:configuration></con:assertion><con:assertion type="Simple Contains" id="3885972b-5dbc-47a9-b1ad-b4565dee1f71" name="genre"><con:configuration><token>genre</token><ignoreCase>false</ignoreCase><useRegEx>false</useRegEx></con:configuration></con:assertion><con:credentials><con:authType>No Authorization</con:authType></con:credentials><con:jmsConfig JMSDeliveryMode="PERSISTENT"/><con:jmsPropertyConfig/><con:wsaConfig action="http://kodilla.com/books/soap/BooksPort/getBookRequest" mustUnderstand="NONE" version="200508"/><con:wsrmConfig version="1.2"/></con:request></con:config></con:testStep><con:properties/></con:testCase><con:properties/></con:testSuite><con:properties/><con:wssContainer/><con:oAuth2ProfileContainer/><con:oAuth1ProfileContainer/></con:soapui-project>